{"exact_match": 0.9460737937559129, "f1": 0.9293147722665225}