{"exact_match": 0.804162724692526, "f1": 0.8378609722034511}