{"exact_match": 0.02838221381267739, "f1": 0.07665657164238052}